,links,names
0,http://mkk.gov.kg/public/images/file_library/201707172348227.xlsx,Абдылдаев Мыктыбек Юсупович
1,http://mkk.gov.kg/public/images/file_library/2017071723484910.xlsx,Абжалиев Алиярбек Токобекович
2,http://mkk.gov.kg/public/images/file_library/2017071723500415.xlsx,Айдаров Салайдин Абдираевич
3,http://mkk.gov.kg/public/images/file_library/201707172350173.xlsx,Айнакулов Мухтарбек Айнакулович
4,http://mkk.gov.kg/public/images/file_library/2017071723502914.xlsx,Акаев Жанарбек Кубанычович
5,http://mkk.gov.kg/public/images/file_library/201707172350406.xlsx,Акматов Алмасбек Жумабекович
6,http://mkk.gov.kg/public/images/file_library/201707172350518.xlsx,Алимбеков Нурбек Каарыевич
7,http://mkk.gov.kg/public/images/file_library/201707180057594.xlsx,Алтыбаева Айнуру Тойчиевна
8,http://mkk.gov.kg/public/images/file_library/2017071800582415.xlsx,Алтынбеков Айбек Алтынбекович
9,http://mkk.gov.kg/public/images/file_library/2017072020044114.xlsx,Аманкулов Марат Аскерович
10,http://mkk.gov.kg/public/images/file_library/201707180059406.xlsx,Арапбаев Азамат Абдуллажанович
11,http://mkk.gov.kg/public/images/file_library/2017071801001413.xlsx,Артыкбаев Осмонбек Мамбетжанович
12,http://mkk.gov.kg/public/images/file_library/2017071801004710.xlsx,Артыков Анвар Артыкович
13,http://mkk.gov.kg/public/images/file_library/201707180101122.xlsx,Асылбаева Гюльшат Кадыровна
14,http://mkk.gov.kg/public/images/file_library/201707180101408.xlsx,Асылбек уулу Дамирбек
15,http://mkk.gov.kg/public/images/file_library/201707180102186.xlsx,Аттокуров Данияр Бексултанович
16,http://mkk.gov.kg/public/images/file_library/201707201632226.xlsx,Баатырбеков Алмазбек Баатырбекович
17,http://mkk.gov.kg/public/images/file_library/201707201632345.xlsx,Бабанов Омурбек Токтогулович
18,http://mkk.gov.kg/public/images/file_library/201707180200036.xlsx,Байбакпаев Экмат Джурукпаевич
19,http://mkk.gov.kg/public/images/file_library/201707180201104.xlsx,Баймуратов Калдарбек Шакирович
20,http://mkk.gov.kg/public/images/file_library/2017071802015215.xlsx,Бакиров Мирлан Исакбекович
21,http://mkk.gov.kg/public/images/file_library/2017071802022511.xlsx,Бакчиев Джаныбек Абдукапарович
22,http://mkk.gov.kg/public/images/file_library/2017071802030312.xlsx,Баяхунов Нурмахаммат Баяхунович
23,http://mkk.gov.kg/public/images/file_library/2017071802033113.xlsx,Бекешев Дастан Далабайевич
24,http://mkk.gov.kg/public/images/file_library/2017071802041314.xlsx,Бокоев Кенжебек Сатымкулович
25,http://mkk.gov.kg/public/images/file_library/201707180204526.xlsx,Джакупова Чолпон Идиновна
26,http://mkk.gov.kg/public/images/file_library/201707180205225.xlsx,Джумабеков Дастанбек Артисбекович
27,http://mkk.gov.kg/public/images/file_library/2017071802055513.xlsx,Джураев Сайдолимжон Маруфович
28,http://mkk.gov.kg/public/images/file_library/201707180206319.xlsx,Жамалдинов Зиядин Исламович
29,http://mkk.gov.kg/public/images/file_library/201707180207083.xlsx,Жамангулов Акылбек Жекшенович
30,http://mkk.gov.kg/public/images/file_library/201707180207320.xlsx,Жапаров Акылбек Усенбекович
31,http://mkk.gov.kg/public/images/file_library/201707180351093.xlsx,Жеенчороев Мирлан Канатбекович
32,http://mkk.gov.kg/public/images/file_library/2017071803512512.xlsx,Жетигенов Бакытбек Жеңишбекович
33,http://mkk.gov.kg/public/images/file_library/201707180351416.xlsx,Жолдошбаев Камчыбек
34,http://mkk.gov.kg/public/images/file_library/201707180352083.xlsx,Жумалиев Кубанычбек Мырзабекович
35,http://mkk.gov.kg/public/images/file_library/201707180352338.xlsx,Жунус уулу Адыл
36,http://mkk.gov.kg/public/images/file_library/201707180352497.xlsx,Жунус уулу Алтынбек
37,http://mkk.gov.kg/public/images/file_library/2017071803532611.xlsx,Жутанов Алмаз Токтоназарович
38,http://mkk.gov.kg/public/images/file_library/201707180353508.xlsx,Жылкыбаев Узарбек Казиевич
39,http://mkk.gov.kg/public/images/file_library/201707180354079.xlsx,Жээнбеков Асылбек Шарипович
40,http://mkk.gov.kg/public/images/file_library/201707180354273.xlsx,Зулпукаров Төрөбай Закирович
41,http://mkk.gov.kg/public/images/file_library/2017071803544511.xlsx,Зулушев Курманкул Токторалыевич
42,http://mkk.gov.kg/public/images/file_library/201707180355387.xlsx,Ибраимжанов Болотбек Сапарбаевич
43,http://mkk.gov.kg/public/images/file_library/201707180355582.xlsx,Икрамов Тазабек Икрамович
44,http://mkk.gov.kg/public/images/file_library/201707181540551.xlsx,Иманалиев Каныбек Капашович
45,http://mkk.gov.kg/public/images/file_library/201707181541276.xlsx,Иминов Фархат Ажмуханбетович
46,http://mkk.gov.kg/public/images/file_library/201707181541492.xlsx,Исаев Канатбек Кедейканович
47,http://mkk.gov.kg/public/images/file_library/2017071815421012.xlsx,Исаев Тилектеш Каримович
48,http://mkk.gov.kg/public/images/file_library/201707181542302.xlsx,Исаева Динара Шертаевна
49,http://mkk.gov.kg/public/images/file_library/201707181542512.xlsx,Исаков Музаффар Ахматходжаевич
50,http://mkk.gov.kg/public/images/file_library/201707181543101.xlsx,Исмаилова Аида Жекшенбаевна
51,http://mkk.gov.kg/public/images/file_library/2017071815433112.xlsx,Кадыркулов Искендер Анарбекович
52,http://mkk.gov.kg/public/images/file_library/201707181543560.xlsx,Казакбаев Руслан Айтбаевич
53,http://mkk.gov.kg/public/images/file_library/201707181544192.xlsx,Калмаматов Жыргалбек Айтиевич
54,http://mkk.gov.kg/public/images/file_library/201707181544393.xlsx,Карамушкина Ирина Юрьевна
55,http://mkk.gov.kg/public/images/file_library/201707181545044.xlsx,Каримов Нодирбек Тохтосинович
56,http://mkk.gov.kg/public/images/file_library/2017071815463612.xlsx,Кодуранова Асель Союзбековна
57,http://mkk.gov.kg/public/images/file_library/201707181547022.xlsx,Конушбаев Тынчтыкбек Кадырбекович
58,http://mkk.gov.kg/public/images/file_library/2017071815472412.xlsx,Кулбараков Абтандил Илдузович
59,http://mkk.gov.kg/public/images/file_library/2017071815474910.xlsx,Кыдыралиев Умбеталы Токторалиевич
60,http://mkk.gov.kg/public/images/file_library/201707181548266.xlsx,Мавлянова Махабат Эргешовна
61,http://mkk.gov.kg/public/images/file_library/201707181549062.xlsx,Мадеминов Мурадыл Ганыевич
62,http://mkk.gov.kg/public/images/file_library/201707181549282.xlsx,Макеев Нурланбек Кадыкеевич
63,http://mkk.gov.kg/public/images/file_library/201707181549490.xlsx,Маматов Абдимуктар
64,http://mkk.gov.kg/public/images/file_library/2017071815500813.xlsx,Мамашова Айсулуу Турусбековна
65,http://mkk.gov.kg/public/images/file_library/201707181722327.xlsx,Мамытов Талант Турдумаматович
66,http://mkk.gov.kg/public/images/file_library/201707181723391.xlsx,Маннанов Ильхом Абдукахарович
67,http://mkk.gov.kg/public/images/file_library/2017071817240614.xlsx,Масабиров Талайбек Айтмаматович
68,http://mkk.gov.kg/public/images/file_library/2017071817242711.xlsx,Масалиев Исхак Абсаматович
69,http://mkk.gov.kg/public/images/file_library/201707181724468.xlsx,Матраимов Искендер  Исмаилович
70,http://mkk.gov.kg/public/images/file_library/201707181725027.xlsx,Молдобекова Гулкан Сакиновна
71,http://mkk.gov.kg/public/images/file_library/2017071817252413.xlsx,Момбеков Рыскелди Чыныбекович
72,http://mkk.gov.kg/public/images/file_library/201707181725451.xlsx,Мусабекова Жылдыз Аманбековна
73,http://mkk.gov.kg/public/images/file_library/201707181726044.xlsx,Назаров Айтмамат Кошоевич
74,http://mkk.gov.kg/public/images/file_library/201707181726214.xlsx,Никитенко Наталья Владимировна
75,http://mkk.gov.kg/public/images/file_library/201707181726403.xlsx,Нишанов Нургазы Нурланович
76,http://mkk.gov.kg/public/images/file_library/201707181726546.xlsx,Нурбаев Абдывахап Мамадрасулович
77,http://mkk.gov.kg/public/images/file_library/2017071817271112.xlsx,Нурматов Кубанычбек Советович
78,http://mkk.gov.kg/public/images/file_library/201707181727361.xlsx,Нышанов Сайдулла Канболотович
79,http://mkk.gov.kg/public/images/file_library/201707172351168.xlsx,Омурбекова Алтынай Сейтбековна
80,http://mkk.gov.kg/public/images/file_library/201707201632499.xlsx,Омуркулов Иса Шейшенкулович
81,http://mkk.gov.kg/public/images/file_library/201707181728393.xlsx,Ормонов Улугбек Зулпукарович
82,http://mkk.gov.kg/public/images/file_library/201707181728570.xlsx,Орозова Карамат Бабашевна
83,http://mkk.gov.kg/public/images/file_library/201707181729150.xlsx,Пирматов Исхак Айтбаевич
84,http://mkk.gov.kg/public/images/file_library/201707181729344.xlsx,Примов Улан Бердибаевич
85,http://mkk.gov.kg/public/images/file_library/201707181729505.xlsx,Райымкулов Бактыбек Кемелбекович
86,http://mkk.gov.kg/public/images/file_library/201707181730087.xlsx,Рыспаев Кожобек Джайчыбекович
87,http://mkk.gov.kg/public/images/file_library/2017071817302511.xlsx,Сабиров Максат Эсенович
88,http://mkk.gov.kg/public/images/file_library/201707181730446.xlsx,Салянова Аида Женишбековна
89,http://mkk.gov.kg/public/images/file_library/2017071817310913.xlsx,Самаев Урматбек Обозбекович
90,http://mkk.gov.kg/public/images/file_library/201707181731296.xlsx,Самигуллина Альфия Эльдаровна
91,http://mkk.gov.kg/public/images/file_library/2017071817314810.xlsx,Сарсейитов Исланбек Зайырбекович
92,http://mkk.gov.kg/public/images/file_library/2017071817321014.xlsx,Строкова Евгения Григорьевна
93,http://mkk.gov.kg/public/images/file_library/201707181732486.xlsx,Субанбеков Бакирдин Жамалович
94,http://mkk.gov.kg/public/images/file_library/201707201633133.xlsx,Сулайманов Алтынбек Турдубаевич
95,http://mkk.gov.kg/public/images/file_library/201707181734024.xlsx,Сулейманов Бахадыр Искакович
96,http://mkk.gov.kg/public/images/file_library/2017071817342114.xlsx,Султанов Абдыкапар Маданбекович
97,http://mkk.gov.kg/public/images/file_library/2017071817344211.xlsx,Сурабалдиева Эльвира Жыргалбековна
98,http://mkk.gov.kg/public/images/file_library/2017071817350113.xlsx,Сыдыков Бактыбек Усенович
99,http://mkk.gov.kg/public/images/file_library/201707201633262.xlsx,Текебаев Омурбек Чиркешович
100,http://mkk.gov.kg/public/images/file_library/201707201546380.xlsx,Тиллаев Таабалды Гапырович
101,http://mkk.gov.kg/public/images/file_library/201707201547396.xlsx,Токторов Алмазбек Сатиевич
102,http://mkk.gov.kg/public/images/file_library/201707201547575.xlsx,Токтошев Эмиль Токтакунович
103,http://mkk.gov.kg/public/images/file_library/201707201633396.xlsx,Торобаев Бакыт Эргешевич
104,http://mkk.gov.kg/public/images/file_library/2017072015484013.xlsx,Тулендыбаев Пархат Розымович
105,http://mkk.gov.kg/public/images/file_library/201707201548598.xlsx,Туманбаева Рада Мураталыевна
106,http://mkk.gov.kg/public/images/file_library/201707201550142.xlsx,Турсунбаев Азизбек Атакозуевич
107,http://mkk.gov.kg/public/images/file_library/201707201553098.xlsx,Турускулов Жыргалбек Күрүчбекович
108,http://mkk.gov.kg/public/images/file_library/201707201553313.xlsx,Узакбаев Абылкайыр Осмонбекович
109,http://mkk.gov.kg/public/images/file_library/201707201553585.xlsx,Чолпонбаев Улан Сапарбекович
110,http://mkk.gov.kg/public/images/file_library/2017072015542511.xlsx,Чудинов Игорь Витальевич
111,http://mkk.gov.kg/public/images/file_library/201707201554457.xlsx,Шадиев Аскарбек Алимбаевич
112,http://mkk.gov.kg/public/images/file_library/201707201555107.xlsx,Шайназаров Тынчтык Урайимович
113,http://mkk.gov.kg/public/images/file_library/201707201556138.xlsx,Шер-Нияз Садык
114,http://mkk.gov.kg/public/images/file_library/2017072015564214.xlsx,Шыкмаматов Алмамбет Насырканович
115,http://mkk.gov.kg/public/images/file_library/2017072015570515.xlsx,Эгембердиев Максатбек Бакирович
116,http://mkk.gov.kg/public/images/file_library/2017072015572413.xlsx,Эргешов Алмазбек Манасбекович
117,http://mkk.gov.kg/public/images/file_library/2017072015574912.xlsx,Юсуров Абдумажит Лелезович
118,http://mkk.gov.kg/public/images/file_library/201707201558281.xlsx,Есенбаева Бакыт Усенбековна
